"","loc","publication_name","language","publication_date","title","keywords","image_loc"
"1","https://www.tio.ch/svizzera/attualita/1711690/dati-phishing-email-ricevuto-messaggio-rimborso-tasse","20minuti","it","2023-11-11T12:16+01:00","Rimborso delle tasse. La nuova frontiera delle truffe online","cyber security centre,phishing,email,rimborso,ricevuto,tasse,messaggio,dati,messaggi,sonderegger",NA
"2","https://www.tio.ch/svizzera/attualita/1711734/grossen-pvl-mi-aspetto-una-sana-dose-di-autocritica-dopo-la-sconfitta-elettorale","20minuti","it","2023-11-11T12:05+01:00","Grossen (PVL): «mi aspetto una sana dose di autocritica dopo la sconfitta elettorale»","sana dose,autocritica,grossen,pvl,sconfitta,dose,aspetto,presidente,sistema,cambiamento",NA
"3","https://www.tio.ch/svizzera/politica/1711732/centro-abbiamo-i-numeri-pfister-mette-in-guardia-plr","20minuti","it","2023-11-11T11:55+01:00","Centro: «abbiamo i numeri», Pfister mette in guardia Plr","centro,numeri,plr,consiglieri,guardia,pfister,consiglieri federali,seggi,camere federali,camere",NA
"4","https://www.tio.ch/svizzera/attualita/1711731/prezzi-risalita-impianti-modello-acquista","20minuti","it","2023-11-11T11:50+01:00","Turismo invernale, prezzi flessibili per gli impianti di risalita","svizzera,prezzi flessibili,impianti risalita,risalita,impianti,prezzi,modello,acquista,utilizzo,aregger",NA
"5","https://www.tio.ch/ticino/attualita/1711724/nasce-lea-l-associazione-del-plrt-per-ambiente-e-energia","20minuti","it","2023-11-11T11:14+01:00","Nasce LEA, l'associazione del Plrt per ambiente e energia","energia,plrt,territorio,ambiente,associazione,lea,prosperità,tutela,passo,prosperità economica",NA
"6","https://www.tio.ch/svizzera/cronaca/1711719/affoga-in-un-laghetto-soccorso-muore-poco-dopo","20minuti","it","2023-11-11T11:01+01:00","Affoga in un laghetto. Soccorso, muore poco dopo","poco dopo,laghetto,berna,soccorso,canton,residente,canton berna,giovedì,avvenuto,deceduto",NA
"7","https://www.tio.ch/sport/altri-sport/1711712/levi","20minuti","it","2023-11-11T10:57+01:00","Podio (già) quasi assegnato a Levi","levi,dürr,shiffrin,centesimi,vlhova,stata,katharina,rast,camille rast,camille",NA
"8","https://www.tio.ch/svizzera/politica/1711714/federale-dreifuss-ong-finanziamenti-sospensione-ruth","20minuti","it","2023-11-11T10:19+01:00","Ruth Dreifuss critica la sospensione dei finanziamenti a Ong palestinesi e israeliane","federale,ruth,ong palestinesi,dreifuss,sospensione,ruth dreifuss,finanziamenti,ong,decisione,am",NA
"9","https://www.tio.ch/svizzera/cronaca/1711710/invece-del-pacco-da-wish-riceve-a-casa-un-decreto-d-accusa","20minuti","it","2023-11-11T10:15+01:00","Invece del pacco da Wish, riceve a casa un decreto d'accusa","wish,decreto,accusa,casa,basilea,svizzera,arma,arma vietata,campagna,vietata",NA
"10","https://www.tio.ch/sport/altri-sport/1711701/discesa-zermatt-cervinia-sicurezza","20minuti","it","2023-11-11T09:00+01:00","Zermatt/Cervinia: annullata la prima discesa","discesa,zermatt,cervinia,sicurezza,zermatt cervinia",NA
"11","https://www.tio.ch/rubriche/fashionchannel/1711481/hoops-decolla-con-nuage","20minuti","it","2023-11-11T09:00+01:00","HOOPS decolla con “NUAGE”","ottanio,eleganza,orologio,hoops",NA
"12","https://www.tio.ch/svizzera/politica/1711699/federale-consiglio-udc-partiti-tre-centro-elezione-riuniscono","20minuti","it","2023-11-11T08:59+01:00","Tre partiti si riuniscono oggi per discutere dell'elezione al Consiglio federale","centro,elezione,udc,partiti,verdi liberali,consiglio,tre,consiglio federale,riuniscono,tre partiti",NA
"13","https://www.tio.ch/svizzera/cronaca/1711698/perde-le-finestre-lungo-la-strada","20minuti","it","2023-11-11T08:49+01:00","Perde le finestre lungo la strada","strada,finestre,carico,chili,rothenbrunnen,tomils,coira,incidente,denunciato,circa chili",NA
"14","https://www.tio.ch/sport/motori/1711696/martin-race-bagnaia-sprint-alex-marquez","20minuti","it","2023-11-11T08:39+01:00","Sprint Race ad Alex Marquez, poi Martín e Bagnaia","sprint race,martin,race,alex,bagnaia,marquez,sprint,alex marquez,motomondiale,generale",NA
"15","https://www.tio.ch/dal-mondo/cronaca/1711685/israele","20minuti","it","2023-11-11T08:36+01:00","Macron chiede un cessate il fuoco mentre Israele avanza","israele,gaza,macron,hamas,city,gaza city,state,direttore,ospedali gaza city,ospedali gaza",NA
"16","https://www.tio.ch/dal-mondo/cronaca/1711697/hamas-striscia-gaza-oms-ogni-bambino-nessun-posto-minuti-ucciso","20minuti","it","2023-11-11T08:36+01:00","Un bambino ucciso ogni 10 minuti. «Nessuno è al sicuro in nessun posto»","ucciso ogni,bambino,striscia,nessun,ogni,posto,nessun posto,minuti,ucciso,gaza",NA
"17","https://www.tio.ch/dal-mondo/attualita/1711695/islanda-eruzione-chilometri-cittadina-scosse","20minuti","it","2023-11-11T08:28+01:00","L'Islanda si prepara a una nuova possibile eruzione vulcanica","possibile eruzione,possibile eruzione vulcanica,islanda,eruzione vulcanica,eruzione,scosse,chilometri,cittadina,forti scosse,zona",NA
"18","https://www.tio.ch/rubriche/mobilita/1710681/cinese-chery-little-ant-versione","20minuti","it","2023-11-11T08:09+01:00","Little Ant, la piccola cinese da città","cinese,little,little ant,ant,chery,km,versione,city-car,base,versione base",NA
"19","https://www.tio.ch/svizzera/attualita/1711624/twint-qr","20minuti","it","2023-11-11T08:06+01:00","«Pago con Twint», tutto quello che dovete sapere per evitare brutte sorprese","twint,online,evitare,svizzera,qualche,smartphone,fare,può,caso,qr code",NA
"20","https://www.tio.ch/sport/motori/1711603/leclerc-ferrari-rinnovo-ricco-difficile","20minuti","it","2023-11-11T08:00+01:00","Leclerc-Ferrari: rinnovo (ricco) difficile","leclerc,ferrari,leclerc-ferrari,formula,questione,vuole,futuro,tempo,vuole capire,sperano",NA
"21","https://www.tio.ch/agenda/biglietteria/1711172/al-lac-va-in-scena-una-sfida-tra-virtuosi","20minuti","it","2023-11-11T08:00+01:00","Al Lac va in scena una sfida tra virtuosi","lugano,concerto,lac,luganomusica,martin helmchen,frank peter zimmermann",NA
"22","https://www.tio.ch/aziende-ticinesi-informano/1711480/la-scrittura-espressiva-una-terapia-efficace","20minuti","it","2023-11-11T06:01+01:00","La scrittura espressiva: una terapia efficace","parole",NA
"23","https://www.tio.ch/sport/calcio/1711651/serie-bologna-genoa-sassuolo-salernitana","20minuti","it","2023-11-10T23:09+01:00","Colpo del Genoa, la Salernitana combatte","genoa,salernitana,serie,italia,verona,sassuolo,serie a,inzaghi,pippo,dragusin",NA
"24","https://www.tio.ch/sport/altri-sport/1711649/noe-ponti-ticinese-lugano","20minuti","it","2023-11-10T22:55+01:00","Il migliore di tutti è (ancora) Noè Ponti","noè ponti,ponti,noé,ticinese,lugano,sportivo ticinese,miglior sportivo ticinese,22enne,nuotatore,eletto",NA
"25","https://www.tio.ch/sport/calcio/1711652/league-challenge-bellinzona-wil","20minuti","it","2023-11-10T21:25+01:00","Bellinzona in piedi dopo l’inchino al Sion","bellinzona,sion,league,punto,challenge league,challenge,wil,granata,risultato,sciaffusa",NA
"26","https://www.tio.ch/sport/hockey/1711661/svizzera-svezia-hockey","20minuti","it","2023-11-10T21:08+01:00","Svezia troppo forte per la Svizzera","svizzera,svezia,svezia svizzera,hockey femminile,svizzera hockey,rossocrociate,state,lena-marie,forsgren,hedqvist",NA
"27","https://www.tio.ch/svizzera/cronaca/1711440/due-lite-ittigen-caccia-mattina","20minuti","it","2023-11-10T20:37+01:00","Violenta lite a Ittigen, morte due persone. È caccia all'uomo","berna,violenta lite,ittigen,lite,due,due persone,altra,ferita,coinvolta,rimasta",NA
"28","https://www.tio.ch/ticino/attualita/1711647/solar-turbines-di-lavertezzo-a-rischio-30-posti-di-lavoro","20minuti","it","2023-11-10T19:23+01:00","Solar Turbines di Lavertezzo, a rischio 30 posti di lavoro","turbines,solar turbines,lavertezzo,lavoro,tagli,posti,rischio,difficoltà finanziaria,repubblica,repubblica ceca",NA
"29","https://www.tio.ch/sport/calcio/1711638/lione-marsiglia-olympique-bus-olimpique","20minuti","it","2023-11-10T19:07+01:00","Il Lione deve giocare a Marsiglia, Grosso sgomento","lione,marsiglia,olympique,olympique lione,olympique marsiglia,bus,ligue1,invece nulla,deciso,stati",NA
"30","https://www.tio.ch/svizzera/attualita/1711643/fust-ristrutturazione-nessun-azienda-portavoce","20minuti","it","2023-11-10T18:47+01:00","Fust: «Ristrutturazione, ma senza licenziamenti»","fust,ristrutturazione,azienda,portavoce,nessun dipendente,nessun,dipendente,portavoce azienda,coop,annunciato",NA
"31","https://www.tio.ch/svizzera/attualita/1711572/condannata-la-donna-ucraina-che-si-spacciava-per-dottoressa","20minuti","it","2023-11-10T18:30+01:00","Condannata la donna ucraina che si spacciava per dottoressa","ufficio,sanità,dottoressa,donna,diploma,43enne,ucraina,federale,condannata,sanità pubblica",NA
"32","https://www.tio.ch/svizzera/cronaca/1711633/allarme-bomba-al-tribunale-cantonale-fermato-un-44enne","20minuti","it","2023-11-10T18:28+01:00","Allarme bomba al tribunale cantonale: fermato un 44enne","bomba,allarme bomba,tribunale cantonale,allarme,fermato,tribunale,zurigo,edificio,sicurezza,polizia",NA
"33","https://www.tio.ch/dal-mondo/cronaca/1711627/siria-forze-israele-attacco-aver-hezbollah-guerra-raid-allarga","20minuti","it","2023-11-10T18:11+01:00","La guerra si allarga alla Siria, raid su Hezbollah","siria,israele,hezbollah,aver,forze,attacco,guerra,raid,allarga,preso",NA
"34","https://www.tio.ch/ticino/attualita/1711619/stabile-di-via-lavizzari-cantiere-chiuso-a-causa-amianto","20minuti","it","2023-11-10T17:54+01:00","Stabile di Via Lavizzari, cantiere chiuso a causa amianto","cantiere chiuso,via lavizzari,municipio,via,cantiere,amianto,lavizzari,inchiesta,bellinzona,deciso",NA
"35","https://www.tio.ch/ticino/attualita/1711607/cinque-nuovi-defibrillatori-in-calanca","20minuti","it","2023-11-10T17:47+01:00","Cinque nuovi defibrillatori in Calanca","nuovi defibrillatori,cinque nuovi defibrillatori,defibrillatori,cinque nuovi,calanca,cinque,ticino,collaborazione,fondazione,fondazione ticino",NA
"36","https://www.tio.ch/svizzera/politica/1711616/roma-rispetti-il-trattato-di-dublino","20minuti","it","2023-11-10T17:42+01:00","«Roma rispetti il trattato di Dublino»","roma rispetti,rispetti,roma,svizzera,dublino,governo,stati,italia,esecutivo,intervenire presso",NA
"37","https://www.tio.ch/svizzera/cronaca/1711611/precipita-dal-balcone-e-muore-fermati-ancora-due-uomini","20minuti","it","2023-11-10T17:36+01:00","Precipita dal balcone e muore: fermati (ancora) due uomini","due,uomini,fermati,due uomini,berna,settembre,omicidio,stati,polizia,donna",NA
"38","https://www.tio.ch/ticino/cronaca/1711609/massagno-gottardo-incidente-via-persona","20minuti","it","2023-11-10T17:24+01:00","Incidente in Via San Gottardo a Massagno","via san gottardo,via san,massagno,via,incidente,san gottardo,gottardo,persona,stata soccorsa,verde lugano",NA
"39","https://www.tio.ch/ticino/attualita/1711546/ci-saranno-un-bel-po-di-radar-nel-sottoceneri","20minuti","it","2023-11-10T17:20+01:00","Ci saranno un bel po' di radar nel Sottoceneri","radar,sottoceneri,velocità,controlli,cantone,settimana,lista,strade,rilevamenti,bellinzona",NA
"40","https://www.tio.ch/people/people/1711592/jared-leto-ha-scalato-l-empire-state-building","20minuti","it","2023-11-10T16:28+01:00","Jared Leto ha scalato l'Empire State Building","state,leto,jared,jared leto,building,empire state building,scalato,empire state,state building,band",NA
"41","https://www.tio.ch/svizzera/attualita/1711586/swiss-compagnia-terra-aumento-trattative-sev-gata-sindacati-salari-interrotte","20minuti","it","2023-11-10T16:11+01:00","Swiss: sindacati, interrotte trattative salariali per il personale terra","sev-gata,compagnia aerea,compagnia,swiss,terra,salari,interrotte,aumento,trattative salariali,trattative",NA
"42","https://www.tio.ch/speciali/-iodomani/1711580/da-sempre-una-vera-passione-per-il-verde","20minuti","it","2023-11-10T15:54+01:00","Da sempre una vera passione per il verde","swissskills,paesaggista,giardiniere,ulrich,campione,lavoro,matteo,matteo ulrich,giardiniere paesaggista,campionati",NA
"43","https://www.tio.ch/svizzera/cronaca/1711581/abusava-della-figlia-condannato-a-15-anni-di-carcere","20minuti","it","2023-11-10T15:51+01:00","Abusava della figlia, condannato a 15 anni di carcere","figlia,condannato,anni,abusi,descritto,giovane,vaud,corte,malato possessivo,uomo malato",NA
"44","https://www.tio.ch/ticino/attualita/1711571/irmgard-cariola-e-la-carica-dei-101","20minuti","it","2023-11-10T15:47+01:00","Irmgard Cariola e la carica dei 101","irmgard,cariola,irmgard cariola,novembre,traguardo,locarno,signora,vita,anni,ultracentenaria",NA
"45","https://www.tio.ch/svizzera/politica/1711576/i-verdi-lanciano-gerhard-andrey-per-il-consiglio-federale","20minuti","it","2023-11-10T15:42+01:00","I Verdi lanciano Gerhard Andrey per il Consiglio federale","verdi,candidatura,andrey,gerhard andrey,consiglio,consiglio federale,gerhard,federale,nazionale,gruppo",NA
"46","https://www.tio.ch/ticino/attualita/1711570/uscita-giornico-ccvp-segnaletica-svincolo-a2","20minuti","it","2023-11-10T15:39+01:00","Svincolo A2 di Giornico, cambia la segnaletica","a2,ustra,uscita,ccvp,giornico,segnaletica,svincolo,riscontrati,disagi,corsia",NA
"47","https://www.tio.ch/ticino/attualita/1711565/prima-pietra-della-nuova-scuola-dell-infanzia-ed-elementare-a-vernate","20minuti","it","2023-11-10T15:35+01:00","Prima pietra della nuova scuola dell’infanzia ed elementare a Vernate","prima pietra,nuova scuola,vernate,pietra,infanzia,scuola,due,neggio,scuola elementare,progetto",NA
"48","https://www.tio.ch/svizzera/attualita/1711496/paese-svizzera-inventori-mondo-ginevra","20minuti","it","2023-11-10T15:33+01:00","Svizzera, terra di creativi e inventori: «Il Paese più innovativo al mondo nel 2023»","svizzera,inventori,paese,mondo,ginevra,proprietà intellettuale,organizzazione mondiale,sede,ompi,proprietà",NA
"49","https://www.tio.ch/svizzera/attualita/1711564/caso-nzoy-pesanti-critiche-al-ministero-pubblico","20minuti","it","2023-11-10T15:31+01:00","Caso Nzoy, pesanti critiche al Ministero pubblico","nzoy,caso nzoy,vaud,omicidio,stato,caso,ministero,ministero pubblico,agosto,37enne",NA
"50","https://www.tio.ch/ticino/attualita/1711556/i-cinquecentotrentacinque-giovani-alla-scoperta-di-un-orizzonte-professionale","20minuti","it","2023-11-10T15:29+01:00","I cinquecentotrentacinque giovani alla scoperta di un orizzonte professionale","scoperta,cinquecentotrentacinque,giornata nuovo,giornata nuovo futuro,nuovo futuro,giornata,futuro,giovani,nuovo,progetti",NA
"51","https://www.tio.ch/dal-mondo/cronaca/1711549/lettere-minatorie-in-cinque-uffici-elettorali","20minuti","it","2023-11-10T15:04+01:00","Lettere minatorie in cinque uffici elettorali","uffici elettorali,uffici,lettere,cinque,fentanyl,stati,alcune,contenevano,fbi,migliaia",NA
"52","https://www.tio.ch/sport/calcio/1711539/messi-prima-lo-bacio-e-poi-lo-prendo-a-calci","20minuti","it","2023-11-10T15:03+01:00","«Messi? Prima lo bacio e poi lo prendo a calci»","calci,messi,francese,felipe melo,melo,felipe,janeiro,premio,calcio,pallone",NA
"53","https://www.tio.ch/ticino/attualita/1711544/riforma-incontri-avs-due-novembre","20minuti","it","2023-11-10T14:52+01:00","Due incontri per scoprire la riforma AVS 21","avs,riforma avs,due,avs 21,riforma avs 21,ias,due incontri,riforma,incontri,novembre",NA
"54","https://www.tio.ch/agenda/spettacoli/1711545/show-disney-lugano-musical-princess","20minuti","it","2023-11-10T14:51+01:00","I più grandi successi Disney sbarcano a Lugano con un concerto","lugano,show,disney,princess party show,princess,party,festa,princess party,party show,canzoni",NA
"55","https://www.tio.ch/aziende-ticinesi-informano/1711459/lidl-colonnine-di-ricarica-a-pagamento-abbiamo-tenuto-duro","20minuti","it","2023-11-10T14:25+01:00","Lidl, colonnine di ricarica a pagamento: «Abbiamo tenuto duro»","lidl,energia green,automobili elettriche,colonnine di ricarica",NA
"56","https://www.tio.ch/svizzera/attualita/1711537/mettete-un-limite-ai-salari-dei-manager-lo-chiede-8-svizzeri-su-10","20minuti","it","2023-11-10T14:24+01:00","«Mettete un limite ai salari dei manager». Lo chiede 8 svizzeri su 10","limite,manager,salari,stipendi,tetto,franchi,berna,sostenibilità,hcm,salari manager",NA
"57","https://www.tio.ch/svizzera/attualita/1711525/telelavoro-dei-frontalieri-c-e-l-accordo-tra-roma-e-berna","20minuti","it","2023-11-10T14:20+01:00","Telelavoro dei frontalieri: c'è l'accordo tra Roma e Berna","accordo,telelavoro,svizzera,berna,roma,frontalieri,status impositivo,status,keller-sutter,lavoratori",NA
"58","https://www.tio.ch/ticino/cronaca/1711536/scontro-tra-un-auto-e-una-moto-a-magliaso","20minuti","it","2023-11-10T14:18+01:00","Scontro tra un'auto e una moto a Magliaso","magliaso,incidente,pomeriggio,euro service,benzinaio euro,benzinaio euro service,benzinaio,via cantonale,pressi,avvenuto",NA
"59","https://www.tio.ch/svizzera/cronaca/1711528/auto-serpente-metri-pitone-zugo","20minuti","it","2023-11-10T14:03+01:00","Controllano l'auto e trovano un serpente di 2 metri e mezzo","serpente,metri,auto,pitone,zugo,polistirolo,scatola,anni,agenti,scatola polistirolo",NA
"60","https://www.tio.ch/economia/svizzera/1711529/pellet-prezzo-comunque-ucraina-guerra","20minuti","it","2023-11-10T13:44+01:00","Il prezzo del pellet si è stabilizzato ma rimane comunque alto","svizzera,pellet,prezzo,comunque,ucraina,guerra,franchi,prezzo pellet,mercato,produzione",NA
"61","https://www.tio.ch/svizzera/politica/1711526/giovani-queer-e-suicidi-situazione-da-approfondire","20minuti","it","2023-11-10T13:43+01:00","Giovani queer e suicidi, «situazione da approfondire»","giovani queer,situazione,giovani,queer,csec-n,dati,petizione inoltrata durante,dato seguito,inoltrata,sessione",NA
"62","https://www.tio.ch/ticino/attualita/1711523/associazione-monte-lema-amici-presidente","20minuti","it","2023-11-10T13:29+01:00","Il Monte Lema ha dei nuovi Amici","monte lema,amici,lema,associazione,monte,presidente,ottobre,sera,miglieglia,signor",NA
"63","https://www.tio.ch/svizzera/cronaca/1711519/allarme-bomba-evacuato-il-tribunale-cantonale-di-zurigo","20minuti","it","2023-11-10T13:11+01:00","Allarme bomba: evacuato il tribunale cantonale di Zurigo","allarme,zurigo,allarme bomba,evacuato,bomba,stato,tribunale cantonale,tribunale,polizia,arrestato",NA
"64","https://www.tio.ch/svizzera/attualita/1711520/cura-assistenza-case-lucro-scopo-svizzera-anziani","20minuti","it","2023-11-10T13:07+01:00","Assistenza e cura degli anziani sempre più private in Svizzera","svizzera,lucro,anziani,assistenza,case,scopo,cura,anziani sempre,riposo,personale",NA
"65","https://www.tio.ch/ticino/attualita/1711515/abbattimento-ticino-lupo-proattivo-chiede","20minuti","it","2023-11-10T13:00+01:00","Abbattimento proattivo del lupo, c'è chi si mobilita: «E il Ticino cosa fa?»","ticino,proattivo,lupo,abbattimento,ticino cosa,abbattimento proattivo,chiede,interpellanza,genini,sem genini",NA
"66","https://www.tio.ch/dal-mondo/attualita/1711517/mail-gruppo-harry-principe-processo","20minuti","it","2023-11-10T12:40+01:00","Harry potrà portare il gruppo Mail a processo","gruppo,principe,crociata,mail,processo,intrusioni,harry,privacy,tabloid britannici,tempo",NA
"67","https://www.tio.ch/ticino/attualita/1711509/assegnato-il-premio-mulino-maroggia-del-lions-club-lugano-ceresio","20minuti","it","2023-11-10T12:17+01:00","Assegnato il premio “Mulino Maroggia” del Lions Club Lugano Ceresio","ceresio,lions club,mulino maroggia",NA
"68","https://www.tio.ch/dal-mondo/cronaca/1711512/indizi-insufficienti-per-imputare-puigdemont","20minuti","it","2023-11-10T12:15+01:00","Indizi insufficienti per imputare Puigdemont","spagna,carles puidgemont,tsunami democratic",NA
"69","https://www.tio.ch/ticino/attualita/1711432/martino-ticino-alpi-neve-estate-cantone","20minuti","it","2023-11-10T12:03+01:00","L'Estate di San Martino in Ticino, neve nelle Alpi (e non solo)","ticino,alpi,martino,cantone,san martino,neve,estate,gradi,svizzera,attesi",NA
"70","https://www.tio.ch/newsblog/over57-benessere-sociale/1711502/l-importanza-di-un-sonno-ristoratore-per-la-nostra-salute-non-puo-essere-sottovalutata","20minuti","it","2023-11-10T11:57+01:00","L'importanza di un sonno ristoratore per la nostra salute non può essere sottovalutata.","salute,sonno,alcol,ticino,sanitas,malattie cardiache,caffeina,attività fisica,diabete",NA
"71","https://www.tio.ch/sport/hockey/1711500/hofmann-greg-nazionale-karjala-31enne","20minuti","it","2023-11-10T11:44+01:00","Si ferma Greg Hofmann","hofmann,greg,greg hofmann,nazionale,karjala,31enne,karjala cup,cup,finlandia,gregory hofmann",NA
"72","https://www.tio.ch/dal-mondo/attualita/1711493/hamas-attacco-agenzie-ottobre-foto-fotoreporter","20minuti","it","2023-11-10T11:40+01:00","Fotoreporter al fronte: «Conoscevano i piani di Hamas?»","foto,attacco,agenzie,hamas,ottobre,fotoreporter,freelance,ong,honest,terroristi",NA
"73","https://www.tio.ch/economia/svizzera/1711495/curafutura-kpt-cassa-malati-sistema","20minuti","it","2023-11-10T11:38+01:00","KPT lascia curafutura","malati,curafutura,kpt,cassa,sistema sanitario,atto,sistema,cassa malati,contenuto,prestazioni",NA
"74","https://www.tio.ch/dal-mondo/politica/1711494/sunak-sotto-pressione-siluri-la-ministra-braverman","20minuti","it","2023-11-10T11:31+01:00","Sunak sotto pressione: «Siluri la ministra Braverman»","regno unito,suella braverman,rishi sunak",NA
"75","https://www.tio.ch/ticino/attualita/1711485/occhio-alle-truffe","20minuti","it","2023-11-10T11:13+01:00","Occhio alle truffe","truffe,ticino,ponte capriasca",NA
"76","https://www.tio.ch/economia/svizzera/1711479/la-consegna-tardiva-dei-giornali-va-discussa","20minuti","it","2023-11-10T11:12+01:00","«La consegna tardiva dei giornali va discussa»","svizzera,la posta,licenziamenti,christian levrat,consegna giornali",NA
"77","https://www.tio.ch/rubriche/ospite/1711483/skatepark-a-mendrisio-e-polveri-fini-ora-facciamo-chiarezza","20minuti","it","2023-11-10T11:02+01:00","Skatepark a Mendrisio e polveri fini: ora facciamo chiarezza","mendrisio,skatepark",NA
"78","https://www.tio.ch/sport/calcio/1711484/europeo-madre-ce-successo-fretta-vita","20minuti","it","2023-11-10T11:00+01:00","«Andremo all'Europeo. Mia madre? È successo in fretta, ma così è la vita»","europeo,madre,ce,successo,fretta,vita,yakin,qualificazione,novembre ore 20.45,ore 20.45",NA
"79","https://www.tio.ch/sport/calcio/1711297/bianconeri-sforzo-league-challenge-presenteranno","20minuti","it","2023-11-10T11:00+01:00","Ancora uno sforzo per i bianconeri","bianconeri,challenge league,league,cornaredo,challenge,lugano,zurigo,winterthur,presenteranno,classifica",NA
"80","https://www.tio.ch/ticino/attualita/1711471/viabilita-scolastica-al-palasio-di-giubiasco-sicurezza-buona-problematiche-per-i-genitori-taxi","20minuti","it","2023-11-10T10:57+01:00","Viabilità scolastica al Palasio di Giubiasco: sicurezza buona, problematiche per i “genitori-taxi”","svizzera,viabilità,ticino,palasio,giubiasco,bellinzona",NA
"81","https://www.tio.ch/people/people/1711430/la-casa-di-produzione-di-de-niro-accusata-di-discriminazione-e-ritorsione","20minuti","it","2023-11-10T10:40+01:00","La casa di produzione di De Niro accusata di discriminazione e ritorsione","robert de niro,molestie,risarcimenti",NA
"82","https://www.tio.ch/svizzera/attualita/1711465/assicurare-il-futuro-dell-economia-alpestre-nonostante-il-lupo","20minuti","it","2023-11-10T10:27+01:00","«Assicurare il futuro dell'economia alpestre, nonostante il lupo»","legge caccia,lupo,alpeggi,grandi predatori,economia alpestre",NA
"83","https://www.tio.ch/svizzera/attualita/1711454/da-questa-mattina-brian-e-libero-la-gente-non-deve-avere-paura-di-me","20minuti","it","2023-11-10T10:27+01:00","Da questa mattina Brian è libero: «La gente non deve avere paura di me»","svizzera,brian,carlos",NA
"84","https://www.tio.ch/dal-mondo/cronaca/1711402/gaza-giorno-quattro-israele-casa","20minuti","it","2023-11-10T10:26+01:00","Israele ha «un tempo limitato» per agire a Gaza","israele,gaza,quattro ore,netanyahu,ministro israeliano,primo,primo ministro israeliano,ministro,detto,primo ministro",NA
"85","https://www.tio.ch/ticino/attualita/1710941/a-cena-coi-prezzi-di-mezzo-secolo-fa-guarda-il-video","20minuti","it","2023-11-10T10:19+01:00","A cena coi prezzi di mezzo secolo fa, guarda il video","mezzo secolo,cena,prezzi,secolo,cittadella,franchi,secolo fa,mezzo secolo fa,settimana,locarno",NA
"86","https://www.tio.ch/svizzera/attualita/1711450/lavoro-suisse-solidar-rapporto-organizzazione-molestie-smartphone","20minuti","it","2023-11-10T10:02+01:00","Dietro lo smartphone cinese sfruttamento e molestie sessuali","organizzazione,lavoro,rapporto,suisse,molestie,smartphone,molestie sessuali,solidar suisse,solidar,svizzera",NA
"87","https://www.tio.ch/svizzera/attualita/1711442/disabili-e-trasporti-pubblici-siamo-in-ritardo","20minuti","it","2023-11-10T10:00+01:00","Disabili e trasporti pubblici: siamo in ritardo","svizzera,disabili,mezzi pubblici",NA
"88","https://www.tio.ch/newsblog/verita-immobiliari/1711233/dyls-immobile-pacchetto-natale-vendita-regalo","20minuti","it","2023-11-10T10:00+01:00","REGALO di Natale in anticipo: un pacchetto DYLS speciale per illuminare la tua vendita immobiliare","pacchetto dyls,dyls,immobile,vendita,natale,regalo,pacchetto,copywriter,video,annuncio",NA
"89","https://www.tio.ch/ticino/attualita/1711439/due-milioni-per-la-biodiversita","20minuti","it","2023-11-10T09:52+01:00","Due milioni per la biodiversità","consiglio di stato,credito quadro,biodiversità",NA
"90","https://www.tio.ch/rubriche/fashionchannel/1711438/la-wedding-planner-risponde-ai-lettori-i-biglietti-di-ringraziamento","20minuti","it","2023-11-10T09:27+01:00","La wedding planner risponde ai lettori: “I biglietti di ringraziamento""","matrimonio,biglietto ringraziamento,wedding planner,sposi",NA
"91","https://www.tio.ch/svizzera/cronaca/1711435/pauroso-incidente-l-auto-distrutta-la-conducente-miracolosamente-salva","20minuti","it","2023-11-10T08:47+01:00","Pauroso incidente: l'auto distrutta, la conducente miracolosamente salva","svizzera,incidente,argovia,carburante,spreitenbach",NA
"92","https://www.tio.ch/rubriche/mobilita/1710683/moonwalkers-km-rotelle-pattini-camminata-assistita","20minuti","it","2023-11-10T08:12+01:00","Moonwalkers, i pattini elettrici per la camminata assistita","moonwalkers,km,pattini,camminata,assistita,rotelle,dotate,scarpe,calzano,passo",NA
"93","https://www.tio.ch/dal-mondo/cronaca/1711426/aver-donna-mangiato-botulino-pizza","20minuti","it","2023-11-10T07:58+01:00","Donna morta dopo aver mangiato la pizza, non fu botulino","dopo aver mangiato,aver mangiato,aver,botulino,donna,mangiato,pizza,ipotesi,italia,mangiato pizza",NA
"94","https://www.tio.ch/newsblog/ated/1711425/il-divertimento-e-in-scatola","20minuti","it","2023-11-10T07:42+01:00","Il divertimento è in scatola","milano,ated,divertimento",NA
"95","https://www.tio.ch/ticino/attualita/1711229/appartamenti-venuti-po-alloggi-catapecchie-tante","20minuti","it","2023-11-10T07:34+01:00","«Pochi alloggi dignitosi, tante catapecchie»","catapecchie,tante catapecchie,po,tante,appartamenti,alloggi,venuti,ticino,case,può",NA
"96","https://www.tio.ch/dal-mondo/cronaca/1711424/eseguito-a-new-york-il-primo-trapianto-di-un-intero-occhio","20minuti","it","2023-11-10T07:28+01:00","Eseguito a New York il primo trapianto di un intero occhio","stati uniti,occhio,trapianto",NA
"97","https://www.tio.ch/ticino/attualita/1711422/il-municipio-di-minusio-ridefinisce-gli-orari-degli-sportelli","20minuti","it","2023-11-10T07:17+01:00","Il Municipio di Minusio ridefinisce gli orari degli sportelli","orari,municipio,sportelli",NA
"98","https://www.tio.ch/dal-mondo/cronaca/1711421/e-morto-frank-borman-primo-astronauta-che-orbito-attorno-alla-luna","20minuti","it","2023-11-10T07:09+01:00","È morto Frank Borman, primo astronauta che orbitò attorno alla Luna","morto,astronauta,frank borman",NA
"99","https://www.tio.ch/svizzera/cronaca/1711418/doppio-incidente-sull-a16-un-ferito-leggero","20minuti","it","2023-11-10T07:02+01:00","Doppio incidente sull'A16, un ferito leggero","autostrada,giura,incidente,a16",NA
"100","https://www.tio.ch/sport/hockey/1711041/tifoso-parola-tempo-lugano-giocatori","20minuti","it","2023-11-10T07:00+01:00","«Mio nonno mi diceva che il vero derby era Ambrì contro Piotta»","piotta,derby,nonno,vero derby,ambrì,speroni,tifoso,pioggia,mattia speroni,fermati",NA
"101","https://www.tio.ch/rubriche/ospite/1711419/illusioni-e-criminalita-nelle-criptovalute","20minuti","it","2023-11-10T06:35+01:00","Illusioni e criminalità nelle criptovalute","criminalità,raoul ghisletta,criptovalute",NA
"102","https://www.tio.ch/aziende-ticinesi-informano/1710690/dropswiss-locarno-acquisti-svizzera-online","20minuti","it","2023-11-10T06:34+01:00","Dropswiss: «Shopping online con qualità svizzera»","svizzera,online,qualità,shopping online,shopping,dropswiss,qualità svizzera,ivo,protrkic,ivo protrkic",NA
"103","https://www.tio.ch/ticino/attualita/1711272/parlare-di-guerra-a-scuola-piu-lezioni-di-storia-contemporanea","20minuti","it","2023-11-10T06:30+01:00","Parlare di guerra a scuola: «Più lezioni di storia contemporanea»","lugano,storia contemporanea,guerra,lezioni,scuola,storia,studenti,alcuni studenti,bisognerebbe,liceo",NA
"104","https://www.tio.ch/dal-mondo/attualita/1711210/due-israele-stato-palestina-pace-accordi-stati-nazioni-territorio-territori","20minuti","it","2023-11-10T06:30+01:00","Perchè israeliani e palestinesi si odiano? Tutto quello che c'è da sapere","egitto,unite,israele,cisgiordania,guerra,gaza,palestina,due,popolazione,stati",NA
"105","https://www.tio.ch/agenda/mostre-e-incontri/1711197/lugano-teatro-evento-centro-locarno-mendrisio-appuntamento-pubblico-sabato-informazioni","20minuti","it","2023-11-10T06:30+01:00","Vino, pulenta e furmàcc per un weekend dedicato al territorio","lugano,notte,centro,locarno,mendrisio,pubblico,eventi,sabato,teatro,weekend",NA
"106","https://www.tio.ch/people/people/1711196/film-due-papaya-amicizia-gelosia","20minuti","it","2023-11-10T06:30+01:00","""Papaya 69"", dalla gelosia all'amicizia","papaya,papaya,gelosia,film,due,amicizia,bernasconi,ragazze,ticinesi,tempo",NA
"107","https://www.tio.ch/ticino/attualita/1711188/guerra-professore-storia-conflitto-scuola-difficolta-social-aiutano-po-banchi","20minuti","it","2023-11-10T06:30+01:00","La guerra israelo-palestinese fra i banchi di scuola: «I social aiutano poco a capire»","social,po,scuola,difficoltà,storia,professore,guerra,conflitto,aiutano,banchi",NA
"108","https://www.tio.ch/agenda/biglietteria/1710756/no-tu-no-enzo-jannacci-secondo-egidia-bruno","20minuti","it","2023-11-10T06:30+01:00","""No tu no"", Enzo Jannacci secondo Egidia Bruno","teatro foce,enzo jannacci,egidia bruno,no tu no",NA
"109","https://www.tio.ch/cucinare-con-fooby/paidpost/1710755/che-pasticcio","20minuti","it","2023-11-10T06:00+01:00","Che pasticcio!","pangrattato,bruxelles,panna,cavoli,cavoli bruxelles,puoi,ca,salsa,uovo,latte",NA
"110","https://www.tio.ch/sport/calcio/1711409/lugano-fcl","20minuti","it","2023-11-10T00:39+01:00","«Il rigore (generoso) ci ha un po' tagliato le gambe»","gambe,rigore,bruges,po,tagliato,lugano,conference league,conference,mattia croci-torti,testa alta",NA
"111","https://www.tio.ch/sport/calcio/1711367/fcl-bruges-league-conference","20minuti","it","2023-11-09T23:01+01:00","Lugano sconfitto 2-0 dal Bruges","sconfitto,sconfitto 2-0,lugano,bruges,fcl,ripresa,pioggia,conference,conference league,gruppo",NA
"112","https://www.tio.ch/svizzera/attualita/1711395/sciatore-courage-guida-prix-zumtaugwald","20minuti","it","2023-11-09T22:38+01:00","Il Prix Courage 2023 va alla guida alpina che salvò lo sciatore","prix courage,courage,guida alpina,sciatore,guida,prix,zumtaugwald,torrente sotterraneo,ghiacciaio,torrente",NA
"113","https://www.tio.ch/sport/altri-sport/1711378/svizzera-golubic-wta-naef-kenin","20minuti","it","2023-11-09T22:22+01:00","La Svizzera saluta la competizione","céline naef,svizzera,naef,kenin,sofia kenin,collins,danielle collins,golubic,viktorija golubic,wta",NA
"114","https://www.tio.ch/svizzera/attualita/1711324/svizzera-una-nazione-di-affittuari","20minuti","it","2023-11-09T22:00+01:00","Svizzera, una nazione di affittuari?","new,york,new york,nazione,svizzera,casa,times,york times,new york times,tendenza",NA
"115","https://www.tio.ch/sport/hockey/1711385/svezia-sfida-ragazze-tre-rossocrociate","20minuti","it","2023-11-09T21:04+01:00","La Svezia fa sua la prima sfida contro le elvetiche","prima sfida,svezia,sfida,ragazze,due,ljungblom sara hjalmarsson,jungaker hilda svensson,mara frey,frey alina,jungaker hilda",NA
"116","https://www.tio.ch/sport/calcio/1711369/league-europa-sheriff-tiraspol","20minuti","it","2023-11-09T20:46+01:00","Successo importante per il Servette","europa,europa league,servette,sheriff,sheriff tiraspol,tiraspol,league,merito,servette sheriff,servette sheriff tiraspol",NA
"117","https://www.tio.ch/dal-mondo/politica/1711371/il-dialogo-usa-cina-riparte-dal-clima","20minuti","it","2023-11-09T20:43+01:00","Il dialogo Usa-Cina riparte dal clima","cina,usa,dialogo,riparte,clima,usa-cina,parole,xie,terreno,cinese",NA
"118","https://www.tio.ch/svizzera/attualita/1711314/mi-hai-chiamato-dall-altra-parte-uno-sconosciuto","20minuti","it","2023-11-09T20:32+01:00","«Mi hai chiamato?», dall'altra parte uno sconosciuto","altra parte,spoofing,dati,chiamate,art,numero,altra,svizzera,dati sensibili,tratta",NA
"119","https://www.tio.ch/sport/hockey/1711350/svizzera-patrick-fischer","20minuti","it","2023-11-09T19:53+01:00","La Svizzera scivola all'esordio","svizzera,finlandia,nazionale,patrick,fischer,patrick fischer,suomela,müller,svezia,nazionale svizzera",NA
"120","https://www.tio.ch/rubriche/ospite/1711363/locarno-lavertezzo-progetto-kevin-comparto-acque-pido","20minuti","it","2023-11-09T19:50+01:00","Locarno-Lavertezzo: dopo aver smosso le acque, ora difendiamo il progetto per un comparto più forte","comparto,kevin pidò,locarno-lavertezzo,progetto,pidò,kevin,acque,lavertezzo,locarno,fusione",NA
"121","https://www.tio.ch/economia/svizzera/1711361/bns-deve-banche-caso-banca","20minuti","it","2023-11-09T19:39+01:00","«La BNS deve sostenere le banche in caso di necessità»","bns deve,banche,bns,deve,caso,banca,requisiti,determinati requisiti,soddisfare determinati,deve tuttavia",NA
"122","https://www.tio.ch/rubriche/ospite/1711356/balerna-sezione-udc-due-fondatori","20minuti","it","2023-11-09T19:19+01:00","«Parlare è inutile, meglio sparare»","verdi balerna,sezione udc,sezione,balerna,udc,nuova sezione,nuova sezione udc,due,sinistra,fondatori",NA
"123","https://www.tio.ch/svizzera/attualita/1711154/riscaldamento-casa-energia-svizzera-tre","20minuti","it","2023-11-09T18:34+01:00","Riscaldamento: ecco come stare al caldo senza spendere e consumare troppo","riscaldamento,svizzera,tre,casa,potrebbe,danni,energia,inverno,possono,temperatura",NA
"124","https://www.tio.ch/rubriche/ospite/1711336/urc-politiche-signor-carmine-nicoletta-collocamento","20minuti","it","2023-11-09T18:20+01:00","Riflessioni sulle Politiche di Collocamento: Il Caso del signor A.","carmine,nicoletta,politiche,signor,collocamento,lavoro,situazione,urc,carmine nicoletta,esigenze",NA
"125","https://www.tio.ch/dal-mondo/attualita/1711327/gaza-nella-morsa-delle-malattie-infettive","20minuti","it","2023-11-09T17:52+01:00","Gaza nella morsa delle malattie infettive","malattie infettive,gaza,casi,malattie,segnalati,metà,stati segnalati,stati,diarrea,oms",NA
"126","https://www.tio.ch/ticino/attualita/1710880/l-arte-che-resiste-alla-guerra","20minuti","it","2023-11-09T17:18+01:00","L'arte che resiste alla guerra","art,arte,artisti,residenza,guerra,ucraina,swiss diamond,opere,hotel,diamond",NA
"127","https://www.tio.ch/svizzera/politica/1711292/visita-di-stato-in-svizzera-per-macron","20minuti","it","2023-11-09T17:02+01:00","Visita di Stato in Svizzera per Macron","presidente,macron,novembre,stato,dossier bilaterali,svizzera,visita,francia,francese,presidente francese",NA
"128","https://www.tio.ch/people/people/1711246/hunziker-carollo-social-alessandro-dichiarazione-michelle-fa","20minuti","it","2023-11-09T17:00+01:00","Alessandro Carollo fa la dichiarazione social a Michelle Hunziker","michelle hunziker,social,alessandro,hunziker,dichiarazione,carollo,michelle,fa,alessandro carollo,mano",NA
"129","https://www.tio.ch/ticino/politica/1711304/deterioramento-stradale-a-lugano-sicurezza-a-rischio","20minuti","it","2023-11-09T16:54+01:00","Deterioramento stradale a Lugano: sicurezza a rischio?","lugano,rischio,deterioramento,sicurezza,segnalazioni,cittadini,quali,municipio,campana,luca campana",NA
"130","https://www.tio.ch/svizzera/attualita/1711309/a-basilea-una-mostra-un-po-ticinese-su-caravaggio","20minuti","it","2023-11-09T16:52+01:00","A Basilea una mostra (un po' ticinese) su Caravaggio","basilea,mostra,caravaggio,dipinti originali,dipinti,messe basel,originali presenti,dipinti originali presenti,aprile,dicembre",NA
"131","https://www.tio.ch/rubriche/ospite/1711305/skatepark-mendrisio-si-allo-sport","20minuti","it","2023-11-09T16:41+01:00","Skatepark Mendrisio – Sì allo sport!","mendrisio,butt,samuele butt,sport,skatepark,samuele,skatepark mendrisio,martino,san martino,comparto",NA
"132","https://www.tio.ch/sport/motori/1711092/martin-bagnaia-motogp","20minuti","it","2023-11-09T16:39+01:00","Il titolo? Bagnaia, Martin e non solo","titolo,due,martin,bagnaia,italia,gare,jorge,lotta,team,continua",NA
"133","https://www.tio.ch/svizzera/attualita/1711301/65-coltellate-alla-compagna-vent-anni-all-assassino-di-emmenbr-cke","20minuti","it","2023-11-09T16:38+01:00","65 coltellate alla compagna, vent'anni all'assassino di Emmenbrücke","emmenbrücke,coltellate,assassino,compagna,anni,giudice durante,così brutale,femminicidio così,femminicidio così brutale,perdono",NA
"134","https://www.tio.ch/ticino/cronaca/1711303/scuola-direttore-istituto-lugano-segnalazione","20minuti","it","2023-11-09T16:37+01:00","Direttore di una scuola privata indagato per reati finanziari","lugano,scuola,istituto,direttore,segnalazione,41enne,rsi",NA
"135","https://www.tio.ch/ticino/attualita/1711293/ente-pubblico-e-aziende-unite-per-affrontare-le-nuove-sfide","20minuti","it","2023-11-09T16:22+01:00","«Ente pubblico e aziende unite per affrontare le nuove sfide»","lugano,ente pubblico,imprese,sfide,lavoro,aziende,ente,responsabilità,mercato,territorio",NA
"136","https://www.tio.ch/ticino/cronaca/1711295/vedeggio-cassarate-chiusa-fino-alle-17-00-grave-un-ottantenne","20minuti","it","2023-11-09T16:22+01:00","Vedeggio-Cassarate chiusa fino alle 17.00, grave un'ottantenne","incidente,vedeggio-cassarate,chiusa,quattro,lugano,ferite,rimaste,coinvolto,persone rimaste,persone rimaste ferite",NA
"137","https://www.tio.ch/ticino/politica/1711279/carenza-di-operai-comunali-o-speculazioni","20minuti","it","2023-11-09T16:01+01:00","«Carenza di operai comunali o speculazioni?»","città,operai comunali,manifestazioni,operai,pompieri,luca madonna,municipio,bellinzona,servizi urbani,impiegati",NA
"138","https://www.tio.ch/svizzera/attualita/1711240/die-er-habe-und-jerith-der-sich","20minuti","it","2023-11-09T16:00+01:00","UBS chiude (per sbaglio) nel caveau il proprietario del San Carlo di Lugano","carlo,caveau,lugano,ubs,san carlo,proprietario,zurigo,polizia,tiktok,naveen",NA
"139","https://www.tio.ch/dal-mondo/politica/1711281/un-accordo-per-risolvere-il-conflitto-storico-tra-spagna-e-catalogna","20minuti","it","2023-11-09T16:00+01:00","Un accordo «per risolvere il conflitto storico tra Spagna e Catalogna»","accordo,conflitto storico,catalogna,spagna,conflitto,percorso,percorso incerto,democrazia,carles puigdemont,carles",NA
"140","https://www.tio.ch/ticino/attualita/1711283/sempre-piu-pratiche-digitali-in-seno-alla-polizia-di-lugano","20minuti","it","2023-11-09T15:56+01:00","Sempre più pratiche digitali in seno alla Polizia di Lugano","polizia,servizio,sezione amministrativa,pratiche digitali,online,sezione,processi,digitali,lugano,ufficio controllo",NA
"141","https://www.tio.ch/ticino/cronaca/1711282/licenziamenti-alla-s-dpack-di-bioggio-fino-a-50-i-posti-a-rischio","20minuti","it","2023-11-09T15:55+01:00","Licenziamenti alla Südpack di Bioggio, fino a 50 i posti a rischio","bioggio,südpack,licenziamenti,azienda,riorganizzazione aziendale,riorganizzazione,mercato,südpack bioggio,capacità produttive,perdite",NA
"142","https://www.tio.ch/svizzera/attualita/1711270/lo-spettometro-dell-universita-di-berna-va-sulla-luna","20minuti","it","2023-11-09T15:19+01:00","Lo spettometro dell'Universita di Berna va sulla Luna","strumento,berna,rocce lunari,analisi,luna,universita,missione,utilizzato,rocce,lims",NA
"143","https://www.tio.ch/dal-mondo/cronaca/1711269/attentato-a-madrid-sparano-in-faccia-al-fondatore-di-vox","20minuti","it","2023-11-09T15:09+01:00","Attentato a Madrid: sparano in faccia al fondatore di Vox","madrid,fondatore,vox,vidal-quadras,alejo vidal-quadras,anni,condizioni,alejo,spagna,vox alejo vidal-quadras",NA
"144","https://www.tio.ch/svizzera/attualita/1711263/il-30-all-ora-va-generalizzato-all-interno-delle-localita","20minuti","it","2023-11-09T14:52+01:00","«Il 30 all'ora va generalizzato all'interno delle località»","upi,velocità,interno,va,località,incidenti,numero,km,riduzione,incidenti gravi",NA
"145","https://www.tio.ch/sport/hockey/1711266/verboon-contratto-lugano-23enne-estate","20minuti","it","2023-11-09T14:50+01:00","Verboon a Lugano fino al 2026","lugano,verboon,contratto,23enne,estate,arrivato,scadenza,scorsa estate,matthew,23enne attaccante",NA
"146","https://www.tio.ch/svizzera/attualita/1711257/riapre-la-strada-del-bernina","20minuti","it","2023-11-09T14:49+01:00","Riapre la strada del Bernina","bernina,tempo,strada,senza limitazioni,limitazioni,venerdì,grigioni,passo,pomeriggio,corsia",NA
"147","https://www.tio.ch/svizzera/politica/1711249/accordi-bilaterali-aria-di-disgelo-tra-berna-e-bruxelles","20minuti","it","2023-11-09T14:20+01:00","Accordi bilaterali, aria di disgelo tra Berna e Bruxelles","bruxelles,svizzera,berna,accordi,mandato,mandato negoziale,ue,comunicato ufficialmente,bozza,calendario",NA
"148","https://www.tio.ch/svizzera/attualita/1711245/zurigo-sedie-ostaggi-hamas-ogni","20minuti","it","2023-11-09T14:04+01:00","Quelle 240 sedie vuote per ricordare gli ostaggi rapiti da Hamas","sedie vuote,hamas,zurigo,ostaggi,sedie,chiedono,privati,installazione,fare,ogni",NA
"149","https://www.tio.ch/agenda/concerti/1711180/mingardi-e-i-supercircus-per-il-gala-di-natale","20minuti","it","2023-11-09T14:00+01:00","Mingardi e i Supercircus per il Galà di Natale","gala di natale,andrea mingardi,fondazione patriziato bellinzona,teatro sociale bellinzona,supercircus",NA
"150","https://www.tio.ch/dal-mondo/attualita/1711176/striscia-blackout-buio-gaza-quando-punto-arma","20minuti","it","2023-11-09T14:00+01:00","Quando Gaza ""sparisce"", il buio digitale come arma","buio,arma,gaza,buio digitale,striscia,quando,blackout,punto,tre,ultime settimane",NA
"151","https://www.tio.ch/ticino/cronaca/1711236/vedeggio-cassarate-alcune-riportato-danni-coinvolte","20minuti","it","2023-11-09T13:16+01:00","Maxi-scontro nella Vedeggio-Cassarate","vedeggio-cassarate,lugano,quattro,cinque,galleria,danni importanti,riportato danni importanti,riportato danni,cinque feriti,vetture",NA
"152","https://www.tio.ch/sport/hockey/1711235/luoto-a-berna-fino-al-termine-della-stagione","20minuti","it","2023-11-09T13:12+01:00","Luoto a Berna fino al termine della stagione","luoto,berna,stagione,termine,national,national league,league,termine stagione,fino termine,fino termine stagione",NA
"153","https://www.tio.ch/sport/motori/1711234/barin-fecchio-e-l-i-drive-racing-team-fa-festa","20minuti","it","2023-11-09T13:10+01:00","Barin-Fecchio, e l'I-Drive Racing Team fa festa","i-drive,i-drive racing,i-drive racing team,team,barin,racing team,racing,fecchio,barin-fecchio,franco barin",NA
"154","https://www.tio.ch/economia/dal-mondo/1711232/tassi-saliranno-salvo-shock-altri","20minuti","it","2023-11-09T12:40+01:00","«Salvo altri shock i tassi non saliranno più»","altri shock,saliranno,salvo,shock,altri,tassi,banca,inflazione,françois villeroy,francia",NA
"155","https://www.tio.ch/sport/calcio/1710894/someo-romeo-gianinazzi-i-calci-piazzati-e-il-mio-rapporto-con-gli-arbitri","20minuti","it","2023-11-09T12:39+01:00","Someo, Romeo Gianinazzi: «I calci piazzati e il mio rapporto con gli arbitri...»","romeo gianinazzi,arbitri,someo,po,gianinazzi,romeo,svizzera,capitano,sogno,coppa",NA
"156","https://www.tio.ch/ticino/attualita/1711231/a2-campaccio-terminati-i-lavori-sulla-carreggiata-nord-sud","20minuti","it","2023-11-09T12:34+01:00","A2 Campaccio: terminati i lavori sulla carreggiata nord-sud","carreggiata nord-sud,a2 campaccio,lavori,campaccio,terminati,carreggiata,a2,subito ripristinata,direzioni,viabilità",NA
